Title,Price
"ASUS TUF GAMING VG27WQ 27"" WQHD 2560 x 1440 (2K) 1ms (MPRT) 165Hz (Max) HDMI, DisplayPort FreeSync DisplayHDR 400 Built-in Speakers Curved Gaming Monitor",$399.99 (8 Offers)–
"Acer ED322QR Pbmiipx 32"" (Actual size 31.5"") Full HD 1920 x 1080 4ms (GTG) 144Hz 2xHDMI DisplayPort Built-in Speakers AMD FreeSync Backlit LED Curved Gaming Monitor","$279.99             –"
"LG 34WK95C-W 34"" Quad HD 3440 x 1440 2K 5ms (GTG) DisplayPort 2xHDMI USB Type-C USB 3.0 Hub Flicker Safe AMD Radeon FreeSync Anti-Glare UltraWide Backlit LED NANO IPS Curved Monitor",$796.99 (5 Offers)–
"LG 24MK430H-B 24"" (Actual size 23.8"") Full HD 1920 x 1080 5ms (GTG) VGA HDMI AMD Radeon FreeSync Flicker Safe Anti-Glare Backlit LED IPS Monitor",$159.00 (4 Offers)–
"Acer Predator X35 bmiphzx 35"" 3440 x 1440 WQHD 200Hz 2ms HDMI DisplayPort USB Hub HDR1000 NVIDIA G-SYNC Quantum Dot WideScreen Curved Gaming Monitor","$2,499.99             –"
"Acer Predator Z35 bmiphz 35"" UXGA 2560x1080 2K Resolution 4ms 200Hz OvereClocked DisplayPort HDMI Built-in Speakers NVIDIA G-Sync Flicker-Less Technology Ultra-Wide Backlit LED Curved Gaming Monitor",$699.99 (4 Offers)–
Pixio PX7 Prime 27 inch 165Hz IPS 95% DCI-P3 HDR WQHD 2560 x 1440 Wide Screen Display 1440p Flat AMD Radeon FreeSync Certified Ultimate Esports Gaming Monitor,$399.99 (2 Offers)–
"Acer Predator X27 Pbmiphzx 27"" Ultra HD 3840 x 2160 4K 4ms (GTG) 120 Hz / 144HZ (OC) HDMI DisplayPort NVIDIA G-Sync USB 3.0 Hub Built-in Speakers Backlit LED IPS Gaming Monitor","$1,799.99 (2 Offers)–"
"Acer Predator Z35 Z35P bmiphz 35"" Quad HD 3440x1440 4ms 100Hz 120Hz OverClocked HDMI DisplayPort NVIDIA G-SYNC Flicker-Less Technology Built-in Speakers UltraWide Backlit LED Gaming Monitor",$799.99 (4 Offers)–
"LG 24UD58-B 24"" (Actual size 23.8"") Ultra HD 3840 x 2160 4K 5ms (GTG) 60Hz 2xHDMI DisplayPort AMD FreeSync Flicker Safe Anti-Glare LED Backlit IPS Gaming Monitor",$276.99 (4 Offers)–
"MSI Optix MPG341CQRV 34"" UWQHD 3440 x 1440 (2K) 1ms 120Hz 2xHDMI DisplayPort USB Type-C  Anti-Glare Curved Gaming Monitor",$749.99 (6 Offers)–
LG 34BL650-B UltraWide WFHD 2560 x 1080 5ms 75Hz HDMI DisplayPort Built-in Speakers Radeon FreeSync Borderless Bezel Height Adjustable IPS LED Monitor,$399.76 (8 Offers)–
"MSI Optix G27C4 27"" Full HD 1920 x 1080 1ms (MPRT) 165 Hz HDMI, DisplayPort AMD FreeSync Curved Gaming Monitor",$285.44 (3 Offers)–
"ASUS VA32UQ 32"" (Actual size 31.5"") Eye Care Monitor, 3840 x 2160 4K UHD, HDR-10, 95% DCI-P3, Adaptive-Sync/FreeSync, Shadow Boost, Flicker Free, Blue Light Filter",$379.99 (5 Offers)–
"Acer KG271 bmiix 27"" Full HD 1920 x 1080 75Hz 1ms HDMI VGA AMD FreeSync ZeroFrame Flikcer-Less BlueShield Built-in Speakers LED Backlit LCD Gaming Monitor",$181.99 (16 Offers)–
"Acer Gaming Series ED323QUR Abidpx 32"" (Actual size 31.5"") 2560 x 1440 2K Resolution 144Hz 4ms DisplayPort HDMI DVI AMD FreeSync LED Backlit Curved Gaming Monitor",$399.99 (4 Offers)–
"ASUS PB278QV 27"" WQHD 2560 x 1440 2K Resolution 75Hz 5ms HDMI DVI-D DisplayPort VGA Adaptive-Sync Support Asus Eye Care with Ultra Low Blue-Light & Flicker-Free Technology Professional LED IPS Monitor",$299.99 (11 Offers)–
"ViewSonic VX2785-2K-MHDU 27"" Quad HD 2560 x 1440 (2K) 5ms HDMI DisplayPort USB 3.2 Type-C AMD FreeSync Built-in Speakers Anti-Glare Frameless Backlit LED IPS Gaming Monitor",$329.99 (7 Offers)–
"Acer GN246HL 24"" Full HD 1920 x 1080 144Hz 1ms DVI HDMI VGA Immersive 3D Backlit LED Gaming Monitor",$199.99 (6 Offers)–
"Acer ED347CKR bmidphzx 34"" UW-QHD 3440 x 1440 100Hz 4ms HDMI, DisplayPort, DVI AMD FreeSync Built-in Speakers USB Hub UltraWide LED Backlit Curved Gaming Monitor",$499.99 (8 Offers)–
"BenQ ZOWIE XL2536 24.5"" 1080p 1ms(GTG) 144Hz eSports Gaming Monitor, DyAc, S-Switch, Shield, Black eQualizer, Color Vibrance, Height Adjustable, VESA Ready",$299.00 (2 Offers)–
"Westinghouse WC32PX9019 32"" Full HD 1920 x 1080 144Hz 5ms 2xHDMI DisplayPort USB 3.0 Hub AMD FreeSync Technology Flicker-Free Low Blue Light Filter Widescreen Backlit LED Curved Gaming Monitor","$299.99             –"
"MSI Optix MAG272CQR 27"" WQHD 2560 x 1440 2K Resolution 1ms (MPRT) 165Hz HDMI DisplayPort USB-C AMD FreeSync Anti-Flicker HDR Ready Backlit LED Curved Gaming Monitor",$399.99 (9 Offers)–
"ASUS VP248QGL 24"" Full HD 1920x1080 1ms DP HDMI VGA Adaptive Sync/FreeSync Eye Care Monitor",$149.99 (11 Offers)–
"ASUS ROG Swift PG248Q eSports Gaming Monitor - 24"" FHD (1920x1080) 1ms, Overclockable 180 Hz, G-SYNC",$449.99 (40 Offers)–
"ASUS VG245HE 24"" Full HD 1920 x 1080 1ms (GTG) 75Hz VGA 2xHDMI AMD FreeSync Built-in Speakers Asus Eye Care with Flicker-Free and Blue Light Filter Built-in Speakers Backlit LED Console Gaming Monitor","$149.99             –"
"Acer V277U bmiipx 27"" Quad HD 2560 x 1440 2K 4ms (GTG) 75Hz 2xHDMI DisplayPort AMD FreeSync Built-in Speakers Backlit LED IPS Gaming Monitor",$249.99 (9 Offers)–
"ViewSonic VX2757-MHD 27"" Full HD 1920 x 1080 2ms 75Hz HDMI VGA DisplayPort AMD FreeSync Built-in Speakers Anti-Glare Backlit LED Gaming Monitor",$189.99 (45 Offers)–
"MSI Optix MAG322CR 32"" (Actual size 31.5"") Full HD 1920 x 1080 1ms (MPRT) 180Hz 2 x HDMI, DisplayPort, USB Type-C, USB Hub AMD FreeSync Frameless Anti-Glare LED Backlit Curved Gaming Monitor",$329.99 (7 Offers)–
"MSI Optix MPG27CQ 27"" Full HD RGB LED Non-Glare Super Narrow Bezel 1 ms 2560 x 1440 144Hz Refresh Rate Steel Series GameSense FreeSync Technology Curved Gaming Monitor",$429.00 (13 Offers)–
"LG 34BK650-W 34"" WFHD 2560x1080 5ms Anti-Glare HDMI DisplayPort AMD FreeSync HDR Borderless Design UltraWide IPS Monitor",$369.99 (7 Offers)–
"Acer GF246 bmipx 24"" Full HD 1920 x 1080 75Hz 1ms HDMI VGA DisplayPort AMD FreeSync Built-in Speakers FlickerLess Blue Light Filter LED Backlit Gaming Monitor",$149.99 (3 Offers)–
"LG 27BL85U-W 27"" 4K Ultra HD 3840 x 2160 HDMI DisplayPort USB Type-C FreeSync Tilt Pivot Height IPS LED Backlit Gaming Monitor",$469.99 (6 Offers)–
"Acer EI272UR Pbmiiipx 27"" WQHD 2560 x 1440 144Hz 2K 4ms (GTG) 144Hz 3xHDMI DisplayPort Built-in Speakers AMD FreeSync 2 Backlit LED Curved Gaming Monitor","$349.99             –"
"ASUS ROG Strix XG35VQ 35"" UWQHD 3440 x 1440 100Hz 1ms Adaptive/FreeSync WideScreen LED Backlit Curved Gaming Monitor with Aura RGB Lighting, Swift and Height Adjustable",$749.99 (16 Offers)–
"ASUS VP28UQGL Gaming Monitor - 28"", 3840 x 2160 4K, 1ms, Adaptive-Sync / FreeSync, Flicker Free, Blue Light Filter, Ergonomic Design",$269.99 (12 Offers)–
